{
  "rep1": {
    "fase1": {
      "angulo_rodilla": {
        "min": 53.05506366281461,
        "max": 129.38993375613435
      },
      "angulo_cadera": {
        "min": 138.58775435719193,
        "max": 164.79136467254898
      },
      "angulo_espalda": {
        "min": 77.31227623790647,
        "max": 132.75853343412163
      }
    },
    "fase2": {
      "angulo_rodilla": {
        "min": 37.19169830573143,
        "max": 66.76285452053314
      },
      "angulo_cadera": {
        "min": 114.20043356350655,
        "max": 134.4318411431208
      },
      "angulo_espalda": {
        "min": 56.52760609402551,
        "max": 75.99515384086362
      }
    },
    "fase3": {
      "angulo_rodilla": {
        "min": 38.02077373735207,
        "max": 60.73854352809082
      },
      "angulo_cadera": {
        "min": 113.8064760899664,
        "max": 127.47760324998964
      },
      "angulo_espalda": {
        "min": 57.02133603065702,
        "max": 63.57836894967909
      }
    },
    "fase4": {
      "angulo_rodilla": {
        "min": 58.45371227035398,
        "max": 115.91343444681152
      },
      "angulo_cadera": {
        "min": 130.04213680402341,
        "max": 148.9697704678826
      },
      "angulo_espalda": {
        "min": 68.0850543173691,
        "max": 110.97314505761796
      }
    }
  },
  "rep2": {
    "fase1": {
      "angulo_rodilla": {
        "min": 57.583705865538576,
        "max": 131.9501790137237
      },
      "angulo_cadera": {
        "min": 138.5839122233017,
        "max": 163.29974580552405
      },
      "angulo_espalda": {
        "min": 74.65751694698037,
        "max": 134.20592874398517
      }
    },
    "fase2": {
      "angulo_rodilla": {
        "min": 38.62046903778528,
        "max": 70.1610777790931
      },
      "angulo_cadera": {
        "min": 114.81230389620603,
        "max": 137.20406271074523
      },
      "angulo_espalda": {
        "min": 60.34414102122249,
        "max": 76.47893142328962
      }
    },
    "fase3": {
      "angulo_rodilla": {
        "min": 38.72727784009316,
        "max": 63.48105032385617
      },
      "angulo_cadera": {
        "min": 114.39033729756466,
        "max": 124.03682425085074
      },
      "angulo_espalda": {
        "min": 55.022435302998815,
        "max": 65.93197905875218
      }
    },
    "fase4": {
      "angulo_rodilla": {
        "min": 59.327779748896376,
        "max": 114.40576184092794
      },
      "angulo_cadera": {
        "min": 127.4510446336181,
        "max": 155.50060249424988
      },
      "angulo_espalda": {
        "min": 67.87934674878318,
        "max": 117.15127554532299
      }
    }
  },
  "rep3": {
    "fase1": {
      "angulo_rodilla": {
        "min": 57.34177696862454,
        "max": 132.1339967177511
      },
      "angulo_cadera": {
        "min": 136.7310924539528,
        "max": 163.06435955382196
      },
      "angulo_espalda": {
        "min": 74.58663029621147,
        "max": 133.8595546188899
      }
    },
    "fase2": {
      "angulo_rodilla": {
        "min": 38.3869849807943,
        "max": 67.06850502587916
      },
      "angulo_cadera": {
        "min": 113.63533428440778,
        "max": 135.16164854230541
      },
      "angulo_espalda": {
        "min": 60.62944912408229,
        "max": 75.44368656250703
      }
    },
    "fase3": {
      "angulo_rodilla": {
        "min": 38.48669852174008,
        "max": 64.81504912110162
      },
      "angulo_cadera": {
        "min": 113.82635673803955,
        "max": 126.30192316165005
      },
      "angulo_espalda": {
        "min": 56.40294855093568,
        "max": 62.57312399911518
      }
    },
    "fase4": {
      "angulo_rodilla": {
        "min": 60.57427336263618,
        "max": 114.14177790082968
      },
      "angulo_cadera": {
        "min": 128.31190677070578,
        "max": 149.71765873652637
      },
      "angulo_espalda": {
        "min": 69.97028076633205,
        "max": 111.31984995230019
      }
    }
  }
}