{
  "rep1": {
    "fase1": {
      "angulo_rodilla": {
        "min": 56.5009308399424,
        "max": 137.52242602802966
      },
      "angulo_cadera": {
        "min": 140.83195793002284,
        "max": 167.479711430901
      },
      "angulo_espalda": {
        "min": 76.69035953614593,
        "max": 141.66568254842235
      }
    },
    "fase2": {
      "angulo_rodilla": {
        "min": 37.104584999486896,
        "max": 73.99344049672554
      },
      "angulo_cadera": {
        "min": 116.05278279903948,
        "max": 138.8729619721081
      },
      "angulo_espalda": {
        "min": 57.410198584583036,
        "max": 80.6832675814868
      }
    },
    "fase3": {
      "angulo_rodilla": {
        "min": 37.34349315660779,
        "max": 61.376078753259726
      },
      "angulo_cadera": {
        "min": 114.35616495731622,
        "max": 127.58269526089023
      },
      "angulo_espalda": {
        "min": 58.70345041458792,
        "max": 63.69674931325096
      }
    },
    "fase4": {
      "angulo_rodilla": {
        "min": 58.57441442472746,
        "max": 116.25320316540606
      },
      "angulo_cadera": {
        "min": 129.91542326355787,
        "max": 149.33949019525076
      },
      "angulo_espalda": {
        "min": 68.19736892072223,
        "max": 111.60411074751858
      }
    }
  },
  "rep2": {
    "fase1": {
      "angulo_rodilla": {
        "min": 57.87193420171852,
        "max": 131.6958586151338
      },
      "angulo_cadera": {
        "min": 138.71408989032412,
        "max": 163.6719335805231
      },
      "angulo_espalda": {
        "min": 74.93850842613205,
        "max": 134.37229598336978
      }
    },
    "fase2": {
      "angulo_rodilla": {
        "min": 38.63802263696251,
        "max": 70.52257758221506
      },
      "angulo_cadera": {
        "min": 114.68413014492998,
        "max": 137.33564528663047
      },
      "angulo_espalda": {
        "min": 60.05780393686929,
        "max": 76.75966461911872
      }
    },
    "fase3": {
      "angulo_rodilla": {
        "min": 38.614068918648435,
        "max": 63.412806382069924
      },
      "angulo_cadera": {
        "min": 114.28910117376003,
        "max": 124.08264933218254
      },
      "angulo_espalda": {
        "min": 55.174429197598,
        "max": 66.08959792206417
      }
    },
    "fase4": {
      "angulo_rodilla": {
        "min": 59.54086514806475,
        "max": 115.27895893882268
      },
      "angulo_cadera": {
        "min": 127.4994714000483,
        "max": 155.83155953572881
      },
      "angulo_espalda": {
        "min": 67.56514886558642,
        "max": 117.85449285506118
      }
    }
  },
  "rep3": {
    "fase1": {
      "angulo_rodilla": {
        "min": 57.2597539034264,
        "max": 131.94778218317234
      },
      "angulo_cadera": {
        "min": 136.98180558615184,
        "max": 163.26875004882163
      },
      "angulo_espalda": {
        "min": 74.91265400989124,
        "max": 133.82651059321682
      }
    },
    "fase2": {
      "angulo_rodilla": {
        "min": 38.40072979840104,
        "max": 70.01763450348577
      },
      "angulo_cadera": {
        "min": 113.61097870791264,
        "max": 135.3271820968967
      },
      "angulo_espalda": {
        "min": 59.92020003569385,
        "max": 78.37607233669854
      }
    },
    "fase3": {
      "angulo_rodilla": {
        "min": 38.635064571518186,
        "max": 64.40820109337719
      },
      "angulo_cadera": {
        "min": 113.9047793607975,
        "max": 126.40862026819843
      },
      "angulo_espalda": {
        "min": 56.40678250837869,
        "max": 62.544887982308865
      }
    },
    "fase4": {
      "angulo_rodilla": {
        "min": 60.55490213868775,
        "max": 113.82371250115477
      },
      "angulo_cadera": {
        "min": 128.33729530104523,
        "max": 149.6792930847063
      },
      "angulo_espalda": {
        "min": 69.9353440774957,
        "max": 111.11885404366481
      }
    }
  }
}